Model,In,Out,Batch,Fwd Mean (ms),Fwd Std (ms),Bwd Mean (ms),Bwd Std (ms)
FGG-LNN (cached),16,16,512,0.2524003396008877,0.00952409710319027,0.41637887835502624,0.01904728975508497
FGG-LNN,16,16,512,0.6708786980229982,0.08417718430045529,1.350503672361374,0.2661386666355152
Chen,16,16,512,0.9599046914473824,0.02790815381766547,1.3901799991726875,0.08873202997705906
ILNN,16,16,512,1.8224057602882384,0.5016641680729709,2.8779878282546996,0.6647032394967661
Poincare,16,16,512,2.9503616189956663,0.8841458397529456,4.055104026794433,0.9565044025351039
Euclidean,16,16,512,0.1410309575174166,0.0037556596734173637,0.28967616021633147,0.010477804910469799
FGG-LNN (cached),64,64,512,0.324064000248909,0.022294387114889038,0.44122368037700654,0.03243255832670009
FGG-LNN,64,64,512,0.7453207984566689,0.02742176778215324,1.3011075112877823,0.08930413672338788
Chen,64,64,512,0.9698246831589556,0.02924757728570602,1.4732019209861755,0.09772361165428593
ILNN,64,64,512,1.8403225660324096,0.5280150772473302,2.8529529571533203,0.684640407169797
Poincare,64,64,512,3.348248009880384,0.48051348000898936,3.6205734252929687,0.5958231275443924
Euclidean,64,64,512,0.1422344010323286,0.0013016347448041431,0.29824924535221525,0.006879763219912802
FGG-LNN (cached),256,256,512,0.35241665463058314,0.013361665676139731,0.5596979182958602,0.10252225015149316
FGG-LNN,256,256,512,0.7634979003951663,0.013066615615806468,1.2523464353188225,0.02218885243156405
Chen,256,256,512,0.9647563682361082,0.02547689432469745,1.3260709461958513,0.03198199914831509
ILNN,256,256,512,1.5480480108942305,0.17971247584071645,2.345621818845922,0.3293379397859113
Poincare,256,256,512,3.2173890532279503,0.4810089331528778,3.8089094066619875,0.8072192390634743
Euclidean,256,256,512,0.15256914496421814,0.0016703831373029161,0.30185600078624225,0.010277463888137824
FGG-LNN (cached),1024,1024,512,0.2113573876570682,0.009468545175572692,0.4811382847172873,0.00912917589827447
FGG-LNN,1024,1024,512,0.680943358540535,0.09615440905261345,1.3019513021344724,0.1377349280909593
Chen,1024,1024,512,0.7460974563251842,0.02705972897956077,1.331761298952876,0.028666373835056522
ILNN,1024,1024,512,1.1240412447187635,0.04360176094620481,2.0785203831536427,0.056652617748464994
Poincare,1024,1024,512,2.5395225572586058,0.639610735099127,3.9290374422073366,0.7322522414451319
Euclidean,1024,1024,512,0.17902570201995524,0.001166280626043049,0.4530052160439284,0.006872640531989327
FGG-LNN (cached),4096,4096,512,1.6535775995254516,0.17833258255370812,3.7779167985916136,0.3625914065533422
FGG-LNN,4096,4096,512,1.9550909412150481,0.04289064177157106,4.8789414094418895,0.049360721444819095
Chen,4096,4096,512,1.573006876679354,0.01822765330434917,3.808510035884624,0.1437558896734645
ILNN,4096,4096,512,2.064794565768952,0.08210728386743263,5.767559319734573,0.162226800008124
Poincare,4096,4096,512,2.5797172468535754,0.005798343192047532,8.469158411026001,0.012341468398733626
Euclidean,4096,4096,512,1.3443731331825257,0.017032266290148427,3.098955526351929,0.09220293830281562
